Context,ID,Text,Comments
AMI_CitizenDied,line:cfce2d,"Initial dialogue line. SETTING: Since AMI is an AI, they don't have a gender and they use the non-binary pronouns, the singular 'they', 'their' and 'them'. TONE: []",
AMI_CitizenDied,line:db1a68,,
AMI_CitizenDied,line:a45c1e,NOT TO BE RECORDED. Option A1,
AMI_CitizenDied,line:2038e4,NOT TO BE RECORDED. Option B1,
AMI_CitizenDied,line:895255,Dialogue continues from Option A1.,
AMI_CitizenDied,line:0dc65d,Option A1,
AMI_CitizenDied,line:aa5f35,Dialogue continues from Option B1.,
AMI_CitizenDied,line:e60c15,Options A1 and B1 can converge here.,
AMI_CitizenDied,line:0964db,,
AMI_CitizenDied,line:8a2a15,NOT TO BE RECORDED. Option A2,
AMI_CitizenDied,line:50536b,NOT TO BE RECORDED. Option B2,
AMI_CitizenDied,line:bfdbac,Options A1 and B1 can also converge here.,
AMI_CitizenDied,line:412f6d,,
AMI_CitizenDied,line:bf48a9,NOT TO BE RECORDED. Option A3,
AMI_CitizenDied,line:49b885,NOT TO BE RECORDED. Option B3,
AMI_CitizenDied,line:9e7edb,Dialogue continues from Option A2 or A3.,
AMI_CitizenDied,line:3e48b9,Option A2 or A3,
AMI_CitizenDied,line:c7b83e,Option A2 or A3,
AMI_CitizenDied,line:42217c,Dialogue continues from Option B2 or B3.,
AMI_CitizenDied,line:5dd2e4,"Final dialogue line. Options A2 and A3, and B2 and B3 converge here.",
AMI_DroneSpawned,line:dd3440,Initial dialogue line. The word contained by <i> </i> must be emphasized.,
AMI_DroneSpawned,line:6b7b5c,NOT TO BE RECORDED. Option A,
AMI_DroneSpawned,line:895e23,NOT TO BE RECORDED. Option B,
AMI_DroneSpawned,line:3021ee,Final dialogue line. Dialogue continues from Option A.,
AMI_DroneSpawned,line:747efe,Final dialogue line. Dialogue continues from Option B.,
AMI_NewColonyFounded,line:147d58,Initial dialogue line.,
AMI_NewColonyFounded,line:952212,NOT TO BE RECORDED. Option A1,
AMI_NewColonyFounded,line:f24301,NOT TO BE RECORDED. Option B1,
AMI_NewColonyFounded,line:95017d,Option B1,
AMI_NewColonyFounded,line:113cfc,NOT TO BE RECORDED. Option A2,
AMI_NewColonyFounded,line:bf7320,NOT TO BE RECORDED. Option B2,
AMI_NewColonyFounded,line:db0e1b,Dialogue continues from Option A1 or A2.,
AMI_NewColonyFounded,line:0ea630,Option A1 or A2,
AMI_NewColonyFounded,line:68f0d9,Final dialogue line. Option A2.,
AMI_NewColonyFounded,line:b8ac9c,Dialogue continues from Option B1 or B2.,
AMI_NewColonyFounded,line:601ad2,Option B1 or B2.,
AMI_NewColonyFounded,line:02404e,Final dialogue line. Option B2.,
AMI_Pressure_100,line:21e36b,Initial dialogue line.,
AMI_Pressure_100,line:258306,,
AMI_Pressure_100,line:d74506,,
AMI_Pressure_100,line:e93541,,
AMI_Pressure_100,line:b80c94,NOT TO BE RECORDED. Option A,
AMI_Pressure_100,line:262bc2,NOT TO BE RECORDED. Option B,
AMI_Pressure_100,line:cfaa63,Dialogue continues from Option A.,
AMI_Pressure_100,line:e62f29,,
AMI_Pressure_100,line:864013,Dialogue continues from Option B.,
AMI_Pressure_100,line:93ee69,,
AMI_Pressure_100,line:ee8450,Options A and B converge here. Final dialogue line.,
AMI_Pressure_200,line:d36ed8,Initial dialogue line.,
AMI_Pressure_200,line:040c41,,
AMI_Pressure_200,line:8d3903,,
AMI_Pressure_200,line:d325e3,,
AMI_Pressure_200,line:259311,,
AMI_Pressure_200,line:91681f,NOT TO BE RECORDED. Option A,
AMI_Pressure_200,line:99092a,NOT TO BE RECORDED. Option B,
AMI_Pressure_200,line:b6d1e8,Dialogue continues from Option A. The word contained by <i> </i> must be emphasized.,
AMI_Pressure_200,line:a8d0f1,Dialogue continues from Option B.,
AMI_Pressure_200,line:88c8aa,,
AMI_Pressure_200,line:b347db,Options A and B converge here.,
AMI_Pressure_200,line:7cc80a,NOT TO BE RECORDED. Option A2,
AMI_Pressure_200,line:276671,NOT TO BE RECORDED. Option B2,
AMI_Pressure_200,line:110a96,Dialogue continues from Option A2.,
AMI_Pressure_200,line:f74bb4,,
AMI_Pressure_200,line:5eb499,Dialogue continues from Option B2.,
AMI_Pressure_200,line:8b31f3,,
AMI_Pressure_200,line:ffe7b8,Options A2 and B2 converge here. Final dialogue line.,
AMI_Pressure_290,line:0ab7f0,Initial dialogue line.,
AMI_Pressure_290,line:2db2f8,NOT TO BE RECORDED. Option A1,
AMI_Pressure_290,line:f61de0,NOT TO BE RECORDED. Option B1,
AMI_Pressure_290,line:f3bab7,Dialogue continues from Option A1.,
AMI_Pressure_290,line:06ae1f,Dialogue continues from Option B1.,
AMI_Pressure_290,line:dc5c41,Options A1 and B1 converge here.,
AMI_Pressure_290,line:d51bc9,,
AMI_Pressure_290,line:07e30b,NOT TO BE RECORDED. Option A2,
AMI_Pressure_290,line:eb0db4,NOT TO BE RECORDED. Option B2,
AMI_Pressure_290,line:dc0963,Dialogue continues from Option A2.,
AMI_Pressure_290,line:34a5c5,Dialogue continues from Option B2.,
AMI_Pressure_290,line:430197,Options A2 and B2 converge here.,
AMI_Pressure_290,line:650b73,NOT TO BE RECORDED. Option A3,
AMI_Pressure_290,line:dfe30f,NOT TO BE RECORDED. Option B3,
AMI_Pressure_290,line:8f8aab,Dialogue continues from Option A3. The word contained by <i> </i> must be emphasized.,
AMI_Pressure_290,line:c7a5ac,Dialogue continues from Option B3.,
AMI_Pressure_290,line:923c87,Options A3 and B3 converge here.,
AMI_Pressure_290,line:8f3b97,Final dialogue line.,
AMI_Pressure_50,line:181e03,Initial dialogue line.,
AMI_Pressure_50,line:be13ec,NOT TO BE RECORDED. Option A,
AMI_Pressure_50,line:db1fe5,NOT TO BE RECORDED. Option B,
AMI_Pressure_50,line:47ee7c,Dialogue continues from Option A.,
AMI_Pressure_50,line:ad7db8,,
AMI_Pressure_50,line:4314e3,Dialogue continues from Option B.,
AMI_Pressure_50,line:c9b810,Final dialogue line.,
AMI_QuestCompleted_Terraforming4,line:c9a971,Initial dialogue line.,
AMI_QuestCompleted_Terraforming4,line:9c9d27,,
AMI_QuestCompleted_Terraforming4,line:9113e2,,
AMI_QuestCompleted_Terraforming4,line:1b0434,NOT TO BE RECORDED. Option A,
AMI_QuestCompleted_Terraforming4,line:ae5140,NOT TO BE RECORDED. Option B,
AMI_QuestCompleted_Terraforming4,line:b00ec3,Dialogue continues from Option A.,
AMI_QuestCompleted_Terraforming4,line:2aedcd,,
AMI_QuestCompleted_Terraforming4,line:ac2571,Dialogue continues from Option B.,
AMI_QuestCompleted_Terraforming4,line:87d2cd,,
AMI_QuestCompleted_Terraforming4,line:bd8953,,
AMI_QuestCompleted_Terraforming4,line:80288f,,
AMI_QuestCompleted_Terraforming4,line:c62c4b,Final dialogue line.,
AMI_ResearchFinished_CFCTerraforming,line:a517e3,Initial dialogue line.,
AMI_ResearchFinished_CFCTerraforming,line:146c26,,
AMI_ResearchFinished_ThermalPlant,line:808656,"Beware! The prefix is ""AREO"" (for Mars) not ""aero"".",
AMI_ResearchStarted_CFCTerraforming,line:5bf4c8,,
AMI_ResearchStarted_CFCTerraforming,line:040a23,,
AMI_ResearchStarted_CFCTerraforming,line:3e9863,,
AMI_ResearchStarted_CFCTerraforming,line:54d433,Final dialogue line.,
AMI_Temperature_Minus50,line:695adb,"Initial dialogue line. The character makes a small pause between ""power"" and ""ful"".",
AMI_Temperature_Minus50,line:946b16,,
AMI_Temperature_Minus50,line:239a68,"The - sign must be read as ""minus"".",
AMI_Temperature_Minus50,line:a907f8,NOT TO BE RECORDED. Option A,
AMI_Temperature_Minus50,line:b949a1,NOT TO BE RECORDED. Option B,
AMI_Temperature_Minus50,line:03717a,Dialogue continues from Option A.,
AMI_Temperature_Minus50,line:ba327c,Dialogue continues from Option B.,
AMI_Temperature_Minus50,line:661879,,
AMI_Temperature_Minus50,line:1eb83b,Final dialogue line. This CO<sub>2</sub> should be read as CE-OH-TWO.,
AMI_Thought_1,line:f47b75,One line dialogue. ISA stands for International Space Center.,
Houston_CO2Level_5Percent,line:a0a3f3,Initial dialogue line.,
Houston_CO2Level_5Percent,line:be11cd,This CO<sub>2</sub> should be read as CE-OH-TWO.,
Houston_CO2Level_5Percent,line:8c7f46,Final dialogue line. MCC is the abbreviation for Mission Control Center.,
Houston_QuestCompleted_Terraforming4,line:918d14,Initial dialogue line.,
Houston_QuestCompleted_Terraforming4,line:458df1,,
Houston_QuestCompleted_Terraforming4,line:d2a077,NOT TO BE RECORDED. Option A,
Houston_QuestCompleted_Terraforming4,line:a5a345,NOT TO BE RECORDED. Option B,
Houston_QuestCompleted_Terraforming4,line:adb86c,Dialogue continues from Option A.,
Houston_QuestCompleted_Terraforming4,line:379b60,,
Houston_QuestCompleted_Terraforming4,line:980752,,
Houston_QuestCompleted_Terraforming4,line:ecb363,Dialogue continues from Option B.,
Houston_QuestCompleted_Terraforming4,line:76a5ea,,
Houston_QuestCompleted_Terraforming4,line:5fb82c,,
Houston_QuestCompleted_Terraforming4,line:e8a0a8,,
Houston_QuestCompleted_Terraforming4,line:877705,This CO<sub>2</sub> should be read as CE-OH-TWO.,
Houston_QuestCompleted_Terraforming4,line:6f851f,,
Houston_QuestCompleted_Terraforming4,line:ac5100,,
Houston_QuestCompleted_Terraforming4,line:1cc49b,NOT TO BE RECORDED. Option A,
Houston_QuestCompleted_Terraforming4,line:b4eefa,NOT TO BE RECORDED. Option B,
Houston_QuestCompleted_Terraforming4,line:bf84b3,Dialogue continues from Option A.,
Houston_QuestCompleted_Terraforming4,line:b7e595,,
Houston_QuestCompleted_Terraforming4,line:ff1773,,
Houston_QuestCompleted_Terraforming4,line:c9387d,Dialogue continues from Option B.,
Houston_QuestCompleted_Terraforming4,line:0f084f,,
Houston_QuestCompleted_Terraforming4,line:45072a,,
Houston_QuestCompleted_Terraforming4,line:42a659,,
Houston_QuestCompleted_Terraforming4,line:2c710d,NOT TO BE RECORDED. Option A,
Houston_QuestCompleted_Terraforming4,line:48d2b2,NOT TO BE RECORDED. Option B,
Houston_QuestCompleted_Terraforming4,line:15beaf,Dialogue continues from Option A.,
Houston_QuestCompleted_Terraforming4,line:f7c874,,
Houston_QuestCompleted_Terraforming4,line:37096f,,
Houston_QuestCompleted_Terraforming4,line:013e68,,
Houston_QuestCompleted_Terraforming4,line:c0ba30,Dialogue continues from Option B.,
Houston_QuestCompleted_Terraforming4,line:79f810,,
Houston_QuestCompleted_Terraforming4,line:82687f,,
Houston_QuestCompleted_Terraforming4,line:8b0f7f,,
Houston_QuestCompleted_Terraforming4,line:9e6d0e,,
Houston_QuestCompleted_Terraforming4,line:1cc71c,,
Houston_QuestCompleted_Terraforming4,line:ed817b,Final dialogue line.,
Houston_QuestCompleted_Terraforming5,line:24b0d2,Initial dialogue line.,
Houston_QuestCompleted_Terraforming5,line:210c61,,
Houston_QuestCompleted_Terraforming5,line:6a935d,,
Houston_QuestCompleted_Terraforming5,line:307b3c,,
Houston_QuestCompleted_Terraforming5,line:c81c96,,
Houston_QuestCompleted_Terraforming5,line:7e0bc6,,
Houston_QuestCompleted_Terraforming5,line:ff5771,,
Houston_QuestCompleted_Terraforming5,line:44aabf,,
Houston_QuestCompleted_Terraforming5,line:b3a10b,NOT TO BE RECORDED. Option A,
Houston_QuestCompleted_Terraforming5,line:996072,NOT TO BE RECORDED. Option B,
Houston_QuestCompleted_Terraforming5,line:33a485,Dialogue continues from Option A.,
Houston_QuestCompleted_Terraforming5,line:cb7f01,,
Houston_QuestCompleted_Terraforming5,line:acf6d0,Dialogue continues from Option B.,
Houston_QuestCompleted_Terraforming5,line:ce20aa,,
Houston_QuestCompleted_Terraforming5,line:e81945,,
Houston_QuestCompleted_Terraforming5,line:1be9ad,,
Houston_QuestCompleted_Terraforming5,line:8059b7,,
Houston_QuestCompleted_Terraforming5,line:32bddd,,
Houston_QuestCompleted_Terraforming5,line:84d0c2,,
Houston_QuestCompleted_Terraforming5,line:c69bc2,Final dialogue line. MCC is the abbreviation for Mission Control Center.,
Houston_Temperature_Minus50,line:63361f,Initial dialogue line.,
Houston_Temperature_Minus50,line:55edd6,NOT TO BE RECORDED. Option A,
Houston_Temperature_Minus50,line:10522c,NOT TO BE RECORDED. Option B,
Houston_Temperature_Minus50,line:baae32,Dialogue continues from Option A.,
Houston_Temperature_Minus50,line:4afb80,,
Houston_Temperature_Minus50,line:a3fc5e,,
Houston_Temperature_Minus50,line:a2ea1e,MCC is the abbreviation for Mission Control Center.,
Houston_Temperature_Minus50,line:301b27,Dialogue continues from Option B.,
Houston_Temperature_Minus50,line:40412d,,
Houston_Temperature_Minus50,line:efee1f,Final dialogue line. MCC is the abbreviation for Mission Control Center.,
AMI_QuestCompleted_Drones,line:ac2b9f,"Initial dialogue line. SETTING: the AI has completed the construction of the first drone factory. The colonists haven't arrived yet, so the AI's drones, at the moment, are the only crowd on the planet. Since AMI is an AI, they don't have a gender and they use the singular 'they', 'their' and 'them'.",
AMI_QuestCompleted_Drones,line:ced7c9,NOT TO BE RECORDED. Option A1,
AMI_QuestCompleted_Drones,line:2324a4,NOT TO BE RECORDED. Option B1,
AMI_QuestCompleted_Drones,line:3e8b48,Dialogue continues from Option A1. The words contained by these symbols << >> must not be recorded.,
AMI_QuestCompleted_Drones,line:90dc3a,Dialogue continues from Option B1. The words contained by these symbols << >> must not be recorded.,
AMI_QuestCompleted_Drones,line:f659dd,Options A1 and B1 converge here.,
AMI_QuestCompleted_Drones,line:a84512,,
AMI_QuestCompleted_Drones,line:70e41c,NOT TO BE RECORDED. Option A2,
AMI_QuestCompleted_Drones,line:0268a4,NOT TO BE RECORDED. Option B2,
AMI_QuestCompleted_Drones,line:807326,NOT TO BE RECORDED. Option C2,
AMI_QuestCompleted_Drones,line:2d8801,Dialogue continues from Option A2. The words contained by these symbols << >> must not be recorded.,
AMI_QuestCompleted_Drones,line:d56036,Dialogue continues from Option B2. The words contained by these symbols << >> must not be recorded.,
AMI_QuestCompleted_Drones,line:0a3a3d,Dialogue continues from Option C2. The words contained by these symbols << >> must not be recorded. The word contained by <i> </i> must be emphasized.,
AMI_QuestCompleted_Drones,line:d0fb8d,"Options A2, B2 and C2 converge here.",
AMI_QuestCompleted_Drones,line:881283,Final dialogue line.,
AMI_QuestCompleted_Industry,line:10f346,Initial dialogue line. SETTING: the AI uses the planet's natural resources to build up the future colonies and to change the Martian atmosphere. The chance to find more resource veins is important to the completion of AMI's main goal.,
AMI_QuestCompleted_Industry,line:5f9b7c,"Beware! The prefix is ""AREO"" (for Mars) not ""aero"".",
AMI_QuestCompleted_Industry,line:740d28,,
AMI_QuestCompleted_Industry,line:63e968,NOT TO BE RECORDED. Option A,
AMI_QuestCompleted_Industry,line:e2324f,NOT TO BE RECORDED. Option B,
AMI_QuestCompleted_Industry,line:b1c5de,Final dialogue line. Dialogue continues from Option A. The words contained by these symbols << >> must not be recorded.,
AMI_QuestCompleted_Industry,line:4e50ec,Final dialogue line. Dialogue continues from Option B. The words contained by these symbols << >> must not be recorded.,
AMI_Welcome,line:19e047,"Initial dialogue line. SETTING: this is the first internal dialogue the character has in the game. AMI is orbiting Mars, and they can see the entire planet from their space view. In this dialogue, AMI is impressed by the beauty of Mars.",
AMI_Welcome,line:676ace,,
AMI_Welcome,line:75a024,NOT TO BE RECORDED. Option A,
AMI_Welcome,line:1b9633,NOT TO BE RECORDED. Option B,
AMI_Welcome,line:996665,Dialogue continues from Option A. The words contained by these symbols << >> must not be recorded.,
AMI_Welcome,line:827c84,The word contained by <i> </i> must be emphasized.,
AMI_Welcome,line:cfe946,Dialogue continues from Option B. The words contained by these symbols << >> must not be recorded.,
AMI_Welcome,line:a1f269,,
AMI_Welcome,line:570ccd,,
AMI_Welcome,line:8ed4b1,Final dialogue line. The words in parentheses must not be recorded.,
Nathan_Intro,line:7ea7ee,"Initial dialogue line. AMI is pronounced as Amy. SETTING: this is the first dialogue of the game. Nathan welcomes AMI to the mission. AMI has been travelling from Earth to the Red Planet, and has finally arrived to their orbital position around Mars. Nathan briefly explains AMI's main mission and goal.",
Nathan_Intro,line:0ca02c,NOT TO BE RECORDED. Option A,
Nathan_Intro,line:b664e7,NOT TO BE RECORDED. Option B,
Nathan_Intro,line:bf3d39,Dialogue continues from Option A. The words contained by these symbols << >> must not be recorded.,
Nathan_Intro,line:ba5009,Option A.,
Nathan_Intro,line:0906da,Option A.,
Nathan_Intro,line:cc4857,Option A.,
Nathan_Intro,line:362528,Dialogue continues from Option B. The words contained by these symbols << >> must not be recorded.,
Nathan_Intro,line:692e62,Option B.,
Nathan_Intro,line:5ec2b6,Option B.,
Nathan_Intro,line:7b12b1,Option B.,
Nathan_Intro,line:d3bf54,Option B.,
Nathan_Intro,line:1eb97b,Options A and B converge here.,
Nathan_Intro,line:fc5072,Final dialogue line.,
Nathan_QuestCompleted_Scanner,line:e36f95,"Initial dialogue line. SETTING: Nathan explains AMI what needs to be done to be able to receive the first human crews. Besides, he explains to the AI that in order to develop new technologies, AMI will have to deal with the colonists. So, it will be important to create a strong bond with them, specially with their leader, Elya Valentine.",
Nathan_QuestCompleted_Scanner,line:b1d58b,,
Nathan_QuestCompleted_Scanner,line:f729ab,,
Nathan_QuestCompleted_Scanner,line:62e440,NOT TO BE RECORDED. Option A1,
Nathan_QuestCompleted_Scanner,line:db39ac,NOT TO BE RECORDED. Option B1,
Nathan_QuestCompleted_Scanner,line:8f9130,Dialogue continues from Option A1.,
Nathan_QuestCompleted_Scanner,line:c8a768,Option A1.,
Nathan_QuestCompleted_Scanner,line:ca57e6,Option A1.,
Nathan_QuestCompleted_Scanner,line:7b4ff7,Dialogue continues from Option B1.,
Nathan_QuestCompleted_Scanner,line:2eb0ba,Option B1.,
Nathan_QuestCompleted_Scanner,line:4c51b9,Option B1.,
Nathan_QuestCompleted_Scanner,line:a605dc,ISA stands for International Space Center.,
Nathan_QuestCompleted_Scanner,line:41db55,Options A1 and B1 converge here.,
Nathan_QuestCompleted_Scanner,line:ebfa1d,,
Nathan_QuestCompleted_Scanner,line:b02525,ISA stands for International Space Center.,
Nathan_QuestCompleted_Scanner,line:66ab88,,
Nathan_QuestCompleted_Scanner,line:d491e0,NOT TO BE RECORDED. Option A2,
Nathan_QuestCompleted_Scanner,line:d1110d,NOT TO BE RECORDED. Option B2,
Nathan_QuestCompleted_Scanner,line:c73db0,Dialogue continues from Option A2.,
Nathan_QuestCompleted_Scanner,line:65819a,Option A2.,
Nathan_QuestCompleted_Scanner,line:0caa2c,Dialogue continues from Option B2.,
Nathan_QuestCompleted_Scanner,line:b1092f,Option B2.,
Nathan_QuestCompleted_Scanner,line:243abb,Options A2 and B2 converge here.,
Nathan_QuestCompleted_Scanner,line:cd06b2,,
Nathan_QuestCompleted_Scanner,line:8ade82,NOT TO BE RECORDED. Option A3,
Nathan_QuestCompleted_Scanner,line:0e0ccd,NOT TO BE RECORDED. Option B3,
Nathan_QuestCompleted_Scanner,line:9761ea,Dialogue continues from Option A3.,
Nathan_QuestCompleted_Scanner,line:d13b28,Option A3. ISA stands for International Space Center.,
Nathan_QuestCompleted_Scanner,line:fe7acb,Option A3.,
Nathan_QuestCompleted_Scanner,line:719226,Option A3. ISA stands for International Space Center.,
Nathan_QuestCompleted_Scanner,line:ca444b,Option A3.,
Nathan_QuestCompleted_Scanner,line:591680,Final dialogue line for Option A3. MCC is the abbreviation for Mission Control Center and should be read as 'EM-CE-CE'.,
Nathan_QuestCompleted_Scanner,line:9c063b,Dialogue continues from Option B3.,
Nathan_QuestCompleted_Scanner,line:22f772,Option B3.,
Nathan_QuestCompleted_Scanner,line:168682,Option B3. ISA stands for International Space Center.,
Nathan_QuestCompleted_Scanner,line:dee7bb,Option B3.,
Nathan_QuestCompleted_Scanner,line:3cd14c,Option B3.,
Nathan_QuestCompleted_Scanner,line:4f8f3e,Final dialogue line for Option B3. MCC is the abbreviation for Mission Control Center and should be read as 'EM-CE-CE'.,
Nathan_Welcome,line:ec5c97,"Initial dialogue line. SETTING: this is AMI and Nathan's second dialogue. The AI has been building some of the initial buildings and everything seem to be going according to plan. Since AMI is an AI, they don't have a gender and they use the singular 'they', 'their' and 'them'.",
Nathan_Welcome,line:a53331,,
Nathan_Welcome,line:08e066,,
Nathan_Welcome,line:9c4824,,
Nathan_Welcome,line:c2da34,,
Nathan_Welcome,line:1a9f41,NOT TO BE RECORDED. Option A1,
Nathan_Welcome,line:99c8fa,NOT TO BE RECORDED. Option B1,
Nathan_Welcome,line:57a46c,Dialogue continues from Option A1.,
Nathan_Welcome,line:92b32e,Option A1.,
Nathan_Welcome,line:183731,Dialogue continues from Option B1.,
Nathan_Welcome,line:53eace,Option B1.,
Nathan_Welcome,line:fa7df5,NOT TO BE RECORDED. Option A2,
Nathan_Welcome,line:653081,NOT TO BE RECORDED. Option B2,
Nathan_Welcome,line:88ac98,Dialogue continues from Option A2.,
Nathan_Welcome,line:7edc66,Option A2.,
Nathan_Welcome,line:b531e3,Dialogue continues from Option B2.,
Nathan_Welcome,line:004b9d,Option B2.,
Nathan_Welcome,line:dbc44c,Option B2.,
Nathan_Welcome,line:321f09,"Options A1 and B1, and A2 and B2 converge here.",
Nathan_Welcome,line:0d8fa2,,
Nathan_Welcome,line:59156d,"The AI (the main character) is capable of having internal dialogues; in the game, this is called the Reflection Module. ",
Nathan_Welcome,line:e1c81b,The word 'Oxy-UN' must be broken down into two parts. 'Oxy' is pronounced as /??ks?/. Then the letter combination 'UN' is pronounced as /ju? en/,
Nathan_Welcome,line:d87602,ISA stands for International Space Center.,
Nathan_Welcome,line:9dcfea,,
Nathan_Welcome,line:fc40c0,Final dialogue line. MCC is the abbreviation for Mission Control Center and should be read as 'EM-CE-CE'.,
AMI_QuestCompleted_AbandonedColony_Delay7,line:7b0743,"Initial dialogue line. ISA stands for International Space Center. SETTING: in this internal dialogue, the AI reflects upon the Fire Dragon mission after they have found an abandoned building that belonged to that mission.",
AMI_QuestCompleted_AbandonedColony_Delay7,line:e3ae53,"At this point of the story, on Earth, there's a rivalry between eastern and western countries that has splitted the world into two major alliances. The eastern side is called ""The Tekkies"", because technology is their main economic business. The western side is called ""Oxies"" because they have conformed an intergovernmental organization called Oxy-UN. There are a few countries which do not belong to any of these two alliances, like some parts of Africa, the Middle East, Australia, and what has survived from Russia after a huge meteorite crashed into the region and released toxic fumes to the air.",
AMI_QuestCompleted_AbandonedColony_Delay7,line:cd8802,,
AMI_QuestCompleted_AbandonedColony_Delay7,line:0c503a,,
AMI_QuestCompleted_AbandonedColony_Delay7,line:1e0f4d,NOT TO BE RECORDED. Option A,
AMI_QuestCompleted_AbandonedColony_Delay7,line:856517,NOT TO BE RECORDED. Option B,
AMI_QuestCompleted_AbandonedColony_Delay7,line:dd9e63,NOT TO BE RECORDED. Option C,
AMI_QuestCompleted_AbandonedColony_Delay7,line:655f54,Dialogue continues from Option A.,
AMI_QuestCompleted_AbandonedColony_Delay7,line:c9c24c,Dialogue continues from Option B.,
AMI_QuestCompleted_AbandonedColony_Delay7,line:602421,Dialogue continues from Option C.,
AMI_QuestCompleted_AbandonedColony_Delay7,line:181e41,"Final dialogue line. Options A, B and C converge here.",
AMI_QuestCompleted_Colony,line:add749,Initial dialogue line. SETTING: the AI meditates about the colonists' arrival and the role they would play from that point forward.,
AMI_QuestCompleted_Colony,line:7051bc,,
AMI_QuestCompleted_Colony,line:632197,,
AMI_QuestCompleted_Colony,line:12152e,,
AMI_QuestCompleted_Colony,line:3ffb4a,NOT TO BE RECORDED. Option A1,
AMI_QuestCompleted_Colony,line:f4aea9,NOT TO BE RECORDED. Option B1,
AMI_QuestCompleted_Colony,line:f6364c,Dialogue continues from Option A1.,
AMI_QuestCompleted_Colony,line:6c3403,Option A1.,
AMI_QuestCompleted_Colony,line:06130c,NOT TO BE RECORDED. Option A2,
AMI_QuestCompleted_Colony,line:c1a984,NOT TO BE RECORDED. Option B2,
AMI_QuestCompleted_Colony,line:12abc2,Dialogue continues from Option A2.,
AMI_QuestCompleted_Colony,line:b55988,Option A2.,
AMI_QuestCompleted_Colony,line:0c07c0,Dialogue continues from Option B2.,
AMI_QuestCompleted_Colony,line:797943,Dialogue continues from Option B1.,
AMI_QuestCompleted_Colony,line:4f97ea,Option B1.,
AMI_QuestCompleted_Colony,line:b8297e,Options A1 and B1 converge here.,
AMI_QuestCompleted_Colony,line:7c2f9c,,
AMI_QuestCompleted_Colony,line:56bda8,,
AMI_QuestCompleted_Colony,line:6a54b7,Final dialogue line.,
AMI_QuestCompleted_Spaceport_Delay7,line:b6c44b,"Initial dialogue line. SETTING: AMI explains how the Colonists Migration works and what needs to be done to get that project going. Besides, they remember two failed previous missions.",
AMI_QuestCompleted_Spaceport_Delay7,line:63af62,,
AMI_QuestCompleted_Spaceport_Delay7,line:74d852,,
AMI_QuestCompleted_Spaceport_Delay7,line:4b7912,The years must be read as 'twenty-one fifty-five' and 'twenty seventy-seven',
AMI_QuestCompleted_Spaceport_Delay7,line:279bd1,NOT TO BE RECORDED. Option A1,
AMI_QuestCompleted_Spaceport_Delay7,line:7fbcba,NOT TO BE RECORDED. Option B1,
AMI_QuestCompleted_Spaceport_Delay7,line:c757dd,Dialogue continues from Option A1.,
AMI_QuestCompleted_Spaceport_Delay7,line:f98089,Option A1.,
AMI_QuestCompleted_Spaceport_Delay7,line:1d7644,Dialogue continues from Option B1.,
AMI_QuestCompleted_Spaceport_Delay7,line:ab2ffb,Option B1.,
AMI_QuestCompleted_Spaceport_Delay7,line:1a44d6,Options A1 and B1 converge here. Lohitanga is an Indian name.,
AMI_QuestCompleted_Spaceport_Delay7,line:09d1a2,,
AMI_QuestCompleted_Spaceport_Delay7,line:cb9909,,
AMI_QuestCompleted_Spaceport_Delay7,line:2f5ceb,,
AMI_QuestCompleted_Spaceport_Delay7,line:162bbe,NOT TO BE RECORDED. Option A2,
AMI_QuestCompleted_Spaceport_Delay7,line:1e4f2b,NOT TO BE RECORDED. Option B2,
AMI_QuestCompleted_Spaceport_Delay7,line:98c981,Dialogue continues from Option A2.,
AMI_QuestCompleted_Spaceport_Delay7,line:ab6a2c,Dialogue continues from Option B2.,
AMI_QuestCompleted_Spaceport_Delay7,line:6b4445,Final dialogue line. Options A2 and B2 converge here.,
AMI_SpecialSiteRevealed_AbandonedColony,line:bfb14c,"Initial dialogue line. Beware! The prefix is ""AREO"" (for Mars) not ""aero"". SETTING: at some point of the game, after the player puts the first areological scanner, the device detects an uncharted structure. The AI can't examine the structure by themselves, they need humans to establish a Research Lab in the area and do that for them. Only then, AMI will be able to know what's the origin of this structure.",
AMI_SpecialSiteRevealed_AbandonedColony,line:570d08,,
AMI_SpecialSiteRevealed_AbandonedColony,line:868f0e,,
AMI_SpecialSiteRevealed_AbandonedColony,line:84dcf6,NOT TO BE RECORDED. Option A1,
AMI_SpecialSiteRevealed_AbandonedColony,line:0f3c58,NOT TO BE RECORDED. Option B1,
AMI_SpecialSiteRevealed_AbandonedColony,line:0acacc,Dialogue continues from Option A1.,
AMI_SpecialSiteRevealed_AbandonedColony,line:98796e,Dialogue continues from Option B1.,
AMI_SpecialSiteRevealed_AbandonedColony,line:86cd0e,Options A1 and B1 converge here.,
AMI_SpecialSiteRevealed_AbandonedColony,line:34d97c,,
AMI_SpecialSiteRevealed_AbandonedColony,line:94b672,NOT TO BE RECORDED. Option A2,
AMI_SpecialSiteRevealed_AbandonedColony,line:21ddeb,NOT TO BE RECORDED. Option B2,
AMI_SpecialSiteRevealed_AbandonedColony,line:5e49bc,NOT TO BE RECORDED. Option C2,
AMI_SpecialSiteRevealed_AbandonedColony,line:52b217,Dialogue continues from Option A2.,
AMI_SpecialSiteRevealed_AbandonedColony,line:b2de38,Option A2's final dialogue line.,
AMI_SpecialSiteRevealed_AbandonedColony,line:ed066c,Dialogue continues from Option B2. Final dialogue line.,
AMI_SpecialSiteRevealed_AbandonedColony,line:796984,Dialogue continues from Option C2. Final dialogue line.,
Elya_BuildingSpawned_FoodFactory_1Building,line:2478f3,"Initial dialogue line. SETTING: the player has built the first food factory, needed to feed the colonists. There are three possible previous conditions that can lead the player to this point: 1- The colonists have arrived, and AMI and Elya have already talked to each other./ 2- The colonists have arrived, and AMI and Elya never talked before./ 3- The colonists haven't arrived yet, and AMI and Elya never talked before. Depending on the case, this can be the initial line. Otherwise, the dialogue begins a few rows down. Since AMI is an AI, they don't have a gender and they use the singular 'they', 'their' and 'them'.",
Elya_BuildingSpawned_FoodFactory_1Building,line:fc4267,,
Elya_BuildingSpawned_FoodFactory_1Building,line:c753d1,The word contained by <i> </i> must be emphasized.,
Elya_BuildingSpawned_FoodFactory_1Building,line:2883fd,,
Elya_BuildingSpawned_FoodFactory_1Building,line:3025fc,"Depending on the player's actions, this can be the first time Elya speaks to AMI. If that's the case, then the dialogue begins from this row forward. If it's not, the dialogue begins four rows up and this and the following four rows are omitted.",
Elya_BuildingSpawned_FoodFactory_1Building,line:915522,,
Elya_BuildingSpawned_FoodFactory_1Building,line:94d87f,,
Elya_BuildingSpawned_FoodFactory_1Building,line:1affcc,,
Elya_BuildingSpawned_FoodFactory_1Building,line:46fb10,,
Elya_BuildingSpawned_FoodFactory_1Building,line:64a476,The two possible beginnings converge on this line.,
Elya_BuildingSpawned_FoodFactory_1Building,line:f31cf3,NOT TO BE RECORDED. Option A,
Elya_BuildingSpawned_FoodFactory_1Building,line:309043,NOT TO BE RECORDED. Option B,
Elya_BuildingSpawned_FoodFactory_1Building,line:75d3f1,Dialogue continues from Option A.,
Elya_BuildingSpawned_FoodFactory_1Building,line:a287e3,Final dialogue line of Option A.,
Elya_BuildingSpawned_FoodFactory_1Building,line:eed360,Dialogue continues from Option B. ISA stands for International Space Center.,
Elya_BuildingSpawned_FoodFactory_1Building,line:581326,Final dialogue line for Option B.,
Elya_BuildingSpawned_FoodFactory_1Building,line:c3a9ba,"Depending on the player's actions, Elya's and AMI's first talk can occur when Elya and the colonists are still on their way to Mars. If that's the case, the dialogue begins on this row forward and everything up from this row is omitted. The spaceship's name should be read as YOU-EN-Mars-ONE.",
Elya_BuildingSpawned_FoodFactory_1Building,line:7fd5e8,,
Elya_BuildingSpawned_FoodFactory_1Building,line:3f0e5e,,
Elya_BuildingSpawned_FoodFactory_1Building,line:d84aa6,,
Elya_BuildingSpawned_FoodFactory_1Building,line:e55a42,,
Elya_BuildingSpawned_FoodFactory_1Building,line:1327c0,,
Elya_BuildingSpawned_FoodFactory_1Building,line:682a65,Final dialogue line.,
Elya_QuestCompleted_AbandonedColony,line:5748fa,"Initial dialogue line. Beware! The prefix is ""AREO"" (for Mars) not ""aero"". SETTING: the colonists have already investigated the uncharted structure detected by the areological scanner. There are two possible previous conditions that can lead the player to this point: 1- The colonists have arrived, and AMI and Elya have already talked to each other./ 2- The colonists haven't arrived yet, and AMI and Elya never talked before. Depending on the case, this can be the initial line. Otherwise, the dialogue begins a few rows down.",
Elya_QuestCompleted_AbandonedColony,line:88e5d0,,
Elya_QuestCompleted_AbandonedColony,line:5ced66,"Depending on the player's actions, this can be the first time Elya speaks to AMI. If that's the case, then the dialogue begins from this row forward. If it's not, the dialogue begins two rows up and this and the following four rows are omitted.",
Elya_QuestCompleted_AbandonedColony,line:2e48f0,,
Elya_QuestCompleted_AbandonedColony,line:5211f9,,
Elya_QuestCompleted_AbandonedColony,line:009eb3,,
Elya_QuestCompleted_AbandonedColony,line:ad7068,,
Elya_QuestCompleted_AbandonedColony,line:21d47b,NOT TO BE RECORDED. Option A1. The two possible beginnings can converge on this option.,
Elya_QuestCompleted_AbandonedColony,line:834bd1,NOT TO BE RECORDED. Option B1. The two possible beginnings can converge on this option.,
Elya_QuestCompleted_AbandonedColony,line:c629d9,Dialogue continues from Option A1.,
Elya_QuestCompleted_AbandonedColony,line:edaa73,Option A1.,
Elya_QuestCompleted_AbandonedColony,line:cf16d6,Option A1.,
Elya_QuestCompleted_AbandonedColony,line:495939,Dialogue continues from Option B1.,
Elya_QuestCompleted_AbandonedColony,line:7172a1,Option B1.,
Elya_QuestCompleted_AbandonedColony,line:3da649,Options A1 and B1 converge here.,
Elya_QuestCompleted_AbandonedColony,line:da8a24,,
Elya_QuestCompleted_AbandonedColony,line:a4b683,NOT TO BE RECORDED. Option A2,
Elya_QuestCompleted_AbandonedColony,line:479061,NOT TO BE RECORDED. Option B2,
Elya_QuestCompleted_AbandonedColony,line:a3b887,Dialogue continues from Option A2.,
Elya_QuestCompleted_AbandonedColony,line:0a5239,Option A2. The word 'Tekkies' should be pronounced as /'t?k?s/.,
Elya_QuestCompleted_AbandonedColony,line:8f2d72,Option A2.,
Elya_QuestCompleted_AbandonedColony,line:229d56,Option A2.,
Elya_QuestCompleted_AbandonedColony,line:a535f7,Option A2.,
Elya_QuestCompleted_AbandonedColony,line:ea9f06,Option A2.,
Elya_QuestCompleted_AbandonedColony,line:84d8db,Dialogue continues from Option B2.,
Elya_QuestCompleted_AbandonedColony,line:4b4eba,Option B2.,
Elya_QuestCompleted_AbandonedColony,line:9f8997,"At this point of the story, on Earth, there's a rivalry between eastern and western countries that has splitted the world into two major alliances. The eastern side is called ""The Tekkies"", because technology is their main economic business. The western side is called ""Oxies"" because they have conformed an intergovernmental organization called Oxy-UN. There are a few countries which do not belong to any of these two alliances, like some parts of Africa, the Middle East, Australia, and what has survived from Russia after a huge meteorite crashed into the region and released toxic fumes to the air.",
Elya_QuestCompleted_AbandonedColony,line:c20c68,,
Elya_QuestCompleted_AbandonedColony,line:3aa8b4,,
Elya_QuestCompleted_AbandonedColony,line:8b5533,,
Elya_QuestCompleted_AbandonedColony,line:bda9c9,,
Elya_QuestCompleted_AbandonedColony,line:23c59c,Final dialogue line. Options A2 and B2 can converge here.,
Elya_QuestCompleted_AbandonedColony,line:b8bfee,Final dialogue line. Options A2 and B2 can converge here.,
Elya_ResearchStarted_Any,line:bc10a1,"Initial dialogue line. SETTING: the main character has chosen a technology for the colonists to develop. There are three possible previous conditions that can lead the player to this point: 1- A technology has been already chosen in the Tech Tree, and AMI and Elya have already talked to each other./ 2- A technology has been already chosen in the Tech Tree, and AMI and Elya never talked before./ 3- The colonists haven't arrived yet, and AMI and Elya never talked before. Depending on the case, this can be the initial line. Otherwise, the dialogue begins a few rows down.",
Elya_ResearchStarted_Any,line:2e1b2f,"Depending on the player's actions, this can be the first time Elya speaks to AMI. If that's the case, then the dialogue begins from this row forward. If it's not, the dialogue begins one row up and this and the following four rows are omitted.",
Elya_ResearchStarted_Any,line:9db229,,
Elya_ResearchStarted_Any,line:d1eff7,,
Elya_ResearchStarted_Any,line:72fb9c,,
Elya_ResearchStarted_Any,line:872909,,
Elya_ResearchStarted_Any,line:a9cf7a,The first two possible beginnings converge on this line.,
Elya_ResearchStarted_Any,line:b6073a,Final dialogue line for the first two possible beginnings.,
Elya_ResearchStarted_Any,line:956d66,"Depending on the player's actions, Elya's and AMI's first talk can occur when Elya and the colonists are still on their way to Mars. If that's the case, the dialogue begins on this row forward and everything up from this row is omitted. The spaceship's name should be read as YOU-EN-Mars-ONE.",
Elya_ResearchStarted_Any,line:9617dd,,
Elya_ResearchStarted_Any,line:bee97b,,
Elya_ResearchStarted_Any,line:a15d5d,,
Elya_ResearchStarted_Any,line:6c7b13,,
Elya_ResearchStarted_Any,line:611c4c,,
Elya_ResearchStarted_Any,line:3f733c,Final dialogue line.,
Nathan_QuestCompleted_Colony_Delay7,line:c4fda2,"Initial dialogue line. SETTING: Nathan notifies AMI that some communication satellites got crippled so they might not be able to track all their activities, so the AI must records everything on their own.",
Nathan_QuestCompleted_Colony_Delay7,line:2178d5,,
Nathan_QuestCompleted_Colony_Delay7,line:af68e5,,
Nathan_QuestCompleted_Colony_Delay7,line:0b53db,,
Nathan_QuestCompleted_Colony_Delay7,line:5a9c24,,
Nathan_QuestCompleted_Colony_Delay7,line:12371b,NOT TO BE RECORDED. Option A,
Nathan_QuestCompleted_Colony_Delay7,line:7af10b,NOT TO BE RECORDED. Option B,
Nathan_QuestCompleted_Colony_Delay7,line:4353bf,Dialogue continues from Option A. ISA stands for International Space Center.,
Nathan_QuestCompleted_Colony_Delay7,line:acd09d,Option A.,
Nathan_QuestCompleted_Colony_Delay7,line:7f9e54,Option A. MCC is the abbreviation for Mission Control Center and should be read as 'EM-CE-CE'.,
Nathan_QuestCompleted_Colony_Delay7,line:c6828f,Dialogue continues from Option B.,
Nathan_QuestCompleted_Colony_Delay7,line:f5d577,Option B.,
Nathan_QuestCompleted_Colony_Delay7,line:8fd03e,Option B. MCC is the abbreviation for Mission Control Center and should be read as 'EM-CE-CE'.,
Nathan_QuestCompleted_Colony_Delay7,line:fdcec7,Option B.,
Nathan_QuestCompleted_Colony_Delay7,line:0e2a7d,Option B.,
Nathan_QuestCompleted_Colony_Delay7,line:99d3c9,Option B.,
Nathan_QuestCompleted_Colony_Delay7,line:bcf611,Final dialogue line. Options A and B converge here. MCC is the abbreviation for Mission Control Center and should be read as 'EM-CE-CE'.,
Nathan_QuestCompleted_Spaceport,line:53a84e,"Initial dialogue line. SETTING: Nathan explains AMI what needs to be done to put the Martian Spaceport to work, specially if the AI wants to initiate the Colonists Migration project.",
Nathan_QuestCompleted_Spaceport,line:5ff3f6,,
Nathan_QuestCompleted_Spaceport,line:741081,,
Nathan_QuestCompleted_Spaceport,line:7b5bf1,,
Nathan_QuestCompleted_Spaceport,line:b5d13d,,
Nathan_QuestCompleted_Spaceport,line:7cfcf1,,
Nathan_QuestCompleted_Spaceport,line:bec674,,
Nathan_QuestCompleted_Spaceport,line:510ea8,NOT TO BE RECORDED. Option A,
Nathan_QuestCompleted_Spaceport,line:e3dfbb,NOT TO BE RECORDED. Option B,
Nathan_QuestCompleted_Spaceport,line:c78b44,Dialogue continues from Option A.,
Nathan_QuestCompleted_Spaceport,line:8ab603,Option A.,
Nathan_QuestCompleted_Spaceport,line:122a78,Option A.,
Nathan_QuestCompleted_Spaceport,line:632235,Option A.,
Nathan_QuestCompleted_Spaceport,line:1fb0b4,Dialogue continues from Option B.,
Nathan_QuestCompleted_Spaceport,line:901319,Options A and B converge here.,
Nathan_QuestCompleted_Spaceport,line:1a5466,,
Nathan_QuestCompleted_Spaceport,line:57cd48,"Depending on the player's actions, the dialogue can follow this path or the one that begins two rows down.",
Nathan_QuestCompleted_Spaceport,line:0f60e7,,
Nathan_QuestCompleted_Spaceport,line:7f6045,"Depending on the player's actions, the dialogue can follow this path or the one that begins two rows up.",
Nathan_QuestCompleted_Spaceport,line:a22035,,
Nathan_QuestCompleted_Spaceport,line:c992d7,Final dialogue line. The two possible paths converge here. MCC is the abbreviation for Mission Control Center and should be read as 'EM-CE-CE'.,
AMI_QuestCompleted_MoreSatellites,line:b86ff5,"Initial dialogue line. SETTING: AMI has gained access to a new area of the planet, in which they find the abandoned nuclear silos from the Fire Dragon mission.",
AMI_QuestCompleted_MoreSatellites,line:052955,,
AMI_QuestCompleted_MoreSatellites,line:e864ba,,
AMI_QuestCompleted_MoreSatellites,line:12f7d1,NOT TO BE RECORDED. Option A1,
AMI_QuestCompleted_MoreSatellites,line:41b7a8,NOT TO BE RECORDED. Option B1,
AMI_QuestCompleted_MoreSatellites,line:b4d545,NOT TO BE RECORDED. Option C1,
AMI_QuestCompleted_MoreSatellites,line:d9a459,Dialogue continues from Option A1.,
AMI_QuestCompleted_MoreSatellites,line:1f02f8,Option A1.,
AMI_QuestCompleted_MoreSatellites,line:d6bae1,Option A1.,
AMI_QuestCompleted_MoreSatellites,line:038747,NOT TO BE RECORDED. Option A2,
AMI_QuestCompleted_MoreSatellites,line:bb2585,NOT TO BE RECORDED. Option B2,
AMI_QuestCompleted_MoreSatellites,line:e54166,Dialogue continues from Option A2. Final dialogue line.,
AMI_QuestCompleted_MoreSatellites,line:f6014f,Dialogue continues from Option B2.,
AMI_QuestCompleted_MoreSatellites,line:977948,Final dialogue line for Option B2.,
AMI_QuestCompleted_MoreSatellites,line:e7dbda,Dialogue continues from Option B1.,
AMI_QuestCompleted_MoreSatellites,line:5bf50b,Option B1.,
AMI_QuestCompleted_MoreSatellites,line:e470ff,Option B1.,
AMI_QuestCompleted_MoreSatellites,line:86440f,Option B1.,
AMI_QuestCompleted_MoreSatellites,line:0f5a5f,NOT TO BE RECORDED. Option A3,
AMI_QuestCompleted_MoreSatellites,line:91e00d,NOT TO BE RECORDED. Option B3,
AMI_QuestCompleted_MoreSatellites,line:f8fe09,Dialogue continues from Option A3. Final dialogue line.,
AMI_QuestCompleted_MoreSatellites,line:40d247,Dialogue continues from Option B3. Final dialogue line.,
AMI_QuestCompleted_MoreSatellites,line:0f6bed,Dialogue continues from Option C1.,
AMI_QuestCompleted_MoreSatellites,line:badf0f,Option C1.,
AMI_QuestCompleted_MoreSatellites,line:d5036a,Final dialogue line for Option C1.,
AMI_QuestUnlocked_Terraforming1,line:c3d32d,Initial dialogue line. SETTING: the AI has reached the requirements to initiate the first stage of the terraforming plan. AMI reflects on how completing the main directive will change the planet forever.,
AMI_QuestUnlocked_Terraforming1,line:8ac6cf,The temperature must be read as 'minus fifty degrees celsius'.,
AMI_QuestUnlocked_Terraforming1,line:c15cf7,This CO<sub>2</sub> should be read as CE-OH-TWO.,
AMI_QuestUnlocked_Terraforming1,line:7b8e7e,,
AMI_QuestUnlocked_Terraforming1,line:f886fb,,
AMI_QuestUnlocked_Terraforming1,line:c68c00,NOT TO BE RECORDED. Option A,
AMI_QuestUnlocked_Terraforming1,line:5866dc,NOT TO BE RECORDED. Option B,
AMI_QuestUnlocked_Terraforming1,line:be5b68,NOT TO BE RECORDED. Option C,
AMI_QuestUnlocked_Terraforming1,line:8e9558,Dialogue continues from Option A. Final dialogue line,
AMI_QuestUnlocked_Terraforming1,line:8c4716,Dialogue continues from Option B. Final dialogue line,
AMI_QuestUnlocked_Terraforming1,line:728deb,Dialogue continues from Option C.,
AMI_QuestUnlocked_Terraforming1,line:0d6487,Final dialogue line for Option C.,
Elya_QuestCompleted_NuclearSilo,line:d13940,"Initial dialogue line. SETTING: the colonists have researched the abandoned nuclear silos from the Fire Dragon mission, and Elya, their leader, informs the AI about their discoveries. Besides, the two characters share a bonding moment.",
Elya_QuestCompleted_NuclearSilo,line:5007a2,,
Elya_QuestCompleted_NuclearSilo,line:1b27c3,"At this point of the story, on Earth, there's a rivalry between eastern and western countries that has splitted the world into two major alliances. The eastern side is called ""The Tekkies"", because technology is their main economic business. The western side is called ""Oxies"" because they have conformed an intergovernmental organization called Oxy-UN. There are a few countries which do not belong to any of these two alliances, like some parts of Africa, the Middle East, Australia, and what has survived from Russia after a huge meteorite crashed into the region and released toxic fumes to the air.",
Elya_QuestCompleted_NuclearSilo,line:609083,NOT TO BE RECORDED. Option A,
Elya_QuestCompleted_NuclearSilo,line:9fce2d,NOT TO BE RECORDED. Option B,
Elya_QuestCompleted_NuclearSilo,line:2845e3,Dialogue continues from Option A. The word 'Oxy-UN' must be broken down into two parts. 'Oxy' is pronounced as /??ks?/. Then the letter combination 'UN' is pronounced as /ju? en/,
Elya_QuestCompleted_NuclearSilo,line:5de87e,Option A.,
Elya_QuestCompleted_NuclearSilo,line:ed4d40,Option A.,
Elya_QuestCompleted_NuclearSilo,line:520ae5,Dialogue continues from Option B. The word 'Oxy-UN' must be broken down into two parts. 'Oxy' is pronounced as /??ks?/. Then the letter combination 'UN' is pronounced as /ju? en/,
Elya_QuestCompleted_NuclearSilo,line:4c90c7,Option B.,
Elya_QuestCompleted_NuclearSilo,line:c95eca,Option B.,
Elya_QuestCompleted_NuclearSilo,line:335772,Option B.,
Elya_QuestCompleted_NuclearSilo,line:39fd90,Options A and B converge here.,
Elya_QuestCompleted_NuclearSilo,line:35e99b,,
Elya_QuestCompleted_NuclearSilo,line:2c3dcb,"Depending on the player's actions, the dialogue can follow this path or the one that begins two rows down.",
Elya_QuestCompleted_NuclearSilo,line:37021d,,
Elya_QuestCompleted_NuclearSilo,line:8b339c,"Depending on the player's actions, the dialogue can follow this path or the one that begins two rows up.",
Elya_QuestCompleted_NuclearSilo,line:c86ef2,The two possible paths converge here.,
Elya_QuestCompleted_NuclearSilo,line:199081,,
Elya_QuestCompleted_NuclearSilo,line:f95b2e,Final dialogue line.,
Nathan_QuestUnlocked_MoreSatellites,line:8d3738,"Initial dialogue line. SETTING: the AI asks Nathan if they can launch a new satellite to gain access to a new area of the planet. The permission is granted. Besides, Nathan mentions to AMI that they have been experiencing some troubles to track the AI's activities due to some defectuous communication satellites.",
Nathan_QuestUnlocked_MoreSatellites,line:b4cf49,,
Nathan_QuestUnlocked_MoreSatellites,line:dc377b,,
Nathan_QuestUnlocked_MoreSatellites,line:cbf860,,
Nathan_QuestUnlocked_MoreSatellites,line:6c15f8,"Depending on the player's actions, the dialogue can follow this path or the one that begins three rows down.",
Nathan_QuestUnlocked_MoreSatellites,line:3a7a25,,
Nathan_QuestUnlocked_MoreSatellites,line:7fe584,,
Nathan_QuestUnlocked_MoreSatellites,line:cc7b90,"Depending on the player's actions, the dialogue can follow this path or the one that begins three rows up.",
Nathan_QuestUnlocked_MoreSatellites,line:147b93,,
Nathan_QuestUnlocked_MoreSatellites,line:569539,,
Nathan_QuestUnlocked_MoreSatellites,line:98dab4,The two possible paths converge here. ISA stands for International Space Center. LMO stands for low-Mars-orbit satellite and should be read EL-EM-OH,
Nathan_QuestUnlocked_MoreSatellites,line:f9009b,"Depending on the player's actions, the dialogue can follow this path or the one that begins in the next row.",
Nathan_QuestUnlocked_MoreSatellites,line:2784a1,"Depending on the player's actions, the dialogue can follow this path or the one that begins in the previous row. ",
Nathan_QuestUnlocked_MoreSatellites,line:a00d0b,Final dialogue line. The two possible paths converge here. MCC is the abbreviation for Mission Control Center and should be read as 'EM-CE-CE'.,
AMI_Incident_FirstSabotage,line:1996f0,Initial dialogue line. SETTING: the AI finds that many of their buildings failed all of the sudden ate the same time. AMI fails to find a logical explanation other than they have suffered a coordinated sabotage.,
AMI_Incident_FirstSabotage,line:816cda,,
AMI_Incident_FirstSabotage,line:0cbd23,,
AMI_Incident_FirstSabotage,line:0fbcff,NOT TO BE RECORDED. Option A,
AMI_Incident_FirstSabotage,line:5b63c9,NOT TO BE RECORDED. Option B,
AMI_Incident_FirstSabotage,line:066fda,Dialogue continues from Option A.,
AMI_Incident_FirstSabotage,line:c8daa1,Option A. ISA stands for International Space Center.,
AMI_Incident_FirstSabotage,line:309d2c,Option A.,
AMI_Incident_FirstSabotage,line:e17997,Final dialogue line for Option A.,
AMI_Incident_FirstSabotage,line:a8ae51,Dialogue continues from Option B. The word contained by <i> </i> must be emphasized.,
AMI_Incident_FirstSabotage,line:8c8f36,Option B. ISA stands for International Space Center.,
AMI_Incident_FirstSabotage,line:a7c90e,Option B.,
AMI_Incident_FirstSabotage,line:68b6ce,Option B.,
AMI_Incident_FirstSabotage,line:d882ca,Final dialogue line for Option B.,
AMI_QuestCompleted_Terraforming1,line:c66252,Initial dialogue line. SETTING: the AI finds that many of their buildings failed all of the sudden at the same time. AMI fails to find a logical explanation other than they have suffered a coordinated sabotage.,
AMI_QuestCompleted_Terraforming1,line:52510e,,
AMI_QuestCompleted_Terraforming1,line:464738,,
AMI_QuestCompleted_Terraforming1,line:7563bc,Final dialogue line. This CO<sub>2</sub> should be read as CE-OH-TWO.,
Elya_Incident_FirstSabotage_Delay14,line:b9433a,"Initial dialogue line. SETTING: Elya express her concern about the ""sabotage"" the colonies suffered two weeks before. Besides, Elya realizes at this point that ISA's authorities may not be taking care of her, and the colonists, as they should have.",
Elya_Incident_FirstSabotage_Delay14,line:3291d4,,
Elya_Incident_FirstSabotage_Delay14,line:0a63d2,,
Elya_Incident_FirstSabotage_Delay14,line:8aa9fc,,
Elya_Incident_FirstSabotage_Delay14,line:62eb9b,,
Elya_Incident_FirstSabotage_Delay14,line:2f4905,ISA stands for International Space Center.,
Elya_Incident_FirstSabotage_Delay14,line:7a226b,"Depending on the player's actions, the dialogue can follow this path or the one that begins three rows down. ISA stands for International Space Center.",
Elya_Incident_FirstSabotage_Delay14,line:578ba4,,
Elya_Incident_FirstSabotage_Delay14,line:680c6e,,
Elya_Incident_FirstSabotage_Delay14,line:90a5d4,"Depending on the player's actions, the dialogue can follow this path or the one that begins three rows up. ISA stands for International Space Center.",
Elya_Incident_FirstSabotage_Delay14,line:79c946,,
Elya_Incident_FirstSabotage_Delay14,line:5449c0,,
Elya_Incident_FirstSabotage_Delay14,line:59427d,ISA stands for International Space Center.,
Elya_Incident_FirstSabotage_Delay14,line:5a5d32,,
Elya_Incident_FirstSabotage_Delay14,line:699810,,
Elya_Incident_FirstSabotage_Delay14,line:32ee39,,
Elya_Incident_FirstSabotage_Delay14,line:fd25d0,Final dialogue line. The two possible paths converge here.,
Elya_QuestUnlocked_MilitaryBranch,line:47ede5,Initial dialogue line. SETTING: Elya is worried because AMI and the colonists have received a threatening message from an unknown source. The message arrived after the colonies' life-support systems suffered some critical failures. Elya asks AMI to initiate the development of the Military Branch of their Tech Tree.,
Elya_QuestUnlocked_MilitaryBranch,line:0cdcb3,,
Elya_QuestUnlocked_MilitaryBranch,line:d2eb08,,
Elya_QuestUnlocked_MilitaryBranch,line:6b8233,,
Elya_QuestUnlocked_MilitaryBranch,line:ac66eb,,
Elya_QuestUnlocked_MilitaryBranch,line:cf0b6e,,
Elya_QuestUnlocked_MilitaryBranch,line:fab212,NOT TO BE RECORDED. Option A. ISA stands for International Space Center.,
Elya_QuestUnlocked_MilitaryBranch,line:be20b4,NOT TO BE RECORDED. Option B,
Elya_QuestUnlocked_MilitaryBranch,line:9a0edb,Dialogue continues from Option A. ISA stands for International Space Center. The word 'Tekkies' should be pronounced as /'t?k?s/.,
Elya_QuestUnlocked_MilitaryBranch,line:bdf7d5,Option A.,
Elya_QuestUnlocked_MilitaryBranch,line:65468d,Dialogue continues from Option B.,
Elya_QuestUnlocked_MilitaryBranch,line:9f1b8c,Option B.,
Elya_QuestUnlocked_MilitaryBranch,line:d892c4,Options A and B converge here.,
Elya_QuestUnlocked_MilitaryBranch,line:3dfcba,NH-9833 should be read as en - aitch - nine - eight - three - three,
Elya_QuestUnlocked_MilitaryBranch,line:709ec0,Final dialogue line.,
Elya_SpecialProjects_Aerobraking,line:50dae7,"Initial dialogue line. SETTING: Elya suggests AMI to run another special project. Many meteorites in the galaxy are rich in CO2. Aerobraking is a maneuver that consists of slowing down a meteorite through the atmospheric drag, realising its CO2 into the air.",
Elya_SpecialProjects_Aerobraking,line:646a9c,NOT TO BE RECORDED. Option A,
Elya_SpecialProjects_Aerobraking,line:e0c22a,NOT TO BE RECORDED. Option B,
Elya_SpecialProjects_Aerobraking,line:3415f6,Dialogue continues from Option A.,
Elya_SpecialProjects_Aerobraking,line:a5c13b,Option A.,
Elya_SpecialProjects_Aerobraking,line:251ced,Final dialogue line for Option A.,
Elya_SpecialProjects_Aerobraking,line:8f1966,Dialogue continues from Option B.,
Elya_SpecialProjects_Aerobraking,line:f29312,Option B.,
Elya_SpecialProjects_Aerobraking,line:b67ec3,Option B.,
Elya_SpecialProjects_Aerobraking,line:c2193b,Option B.,
Elya_SpecialProjects_Aerobraking,line:4595ce,Option B.,
Elya_SpecialProjects_Aerobraking,line:c516da,Option B.,
Elya_SpecialProjects_Aerobraking,line:4fe99f,Option B.,
Elya_SpecialProjects_Aerobraking,line:18f19a,This CO<sub>2</sub> should be read as CE-OH-TWO.,
Elya_SpecialProjects_Aerobraking,line:ba37ed,Option B.,
Elya_SpecialProjects_Aerobraking,line:940ed9,Final dialogue line for Option B.,
Nathan_Incident_FirstSabotage_Delay21,line:59c7e9,"Initial dialogue line. In this dialogue, Nathan interrogates AMI about the sabotage suffered by the colonies a few weeks ago. Since the have been experiencing some problems with their communication satellites, they haven't been able to track what happened that day. The AI uses this opportunity to share their suspicions to ISA's authorities.",
Nathan_Incident_FirstSabotage_Delay21,line:57c842,,
Nathan_Incident_FirstSabotage_Delay21,line:f278e5,,
Nathan_Incident_FirstSabotage_Delay21,line:6d79da,,
Nathan_Incident_FirstSabotage_Delay21,line:8d61c2,,
Nathan_Incident_FirstSabotage_Delay21,line:b02afe,,
Nathan_Incident_FirstSabotage_Delay21,line:603af7,"Depending on the player's actions, the dialogue can follow this path or the one that begins in the next row. ISA stands for International Space Center.",
Nathan_Incident_FirstSabotage_Delay21,line:7fdf97,"Depending on the player's actions, the dialogue can follow this path or the one that begins in the previous row. ISA stands for International Space Center.",
Nathan_Incident_FirstSabotage_Delay21,line:cde1fb,The two possible paths converge here. The word contained by <i> </i> must be emphasized.,
Nathan_Incident_FirstSabotage_Delay21,line:ab9fb2,,
Nathan_Incident_FirstSabotage_Delay21,line:4d2ee3,,
Nathan_Incident_FirstSabotage_Delay21,line:198ef3,,
Nathan_Incident_FirstSabotage_Delay21,line:733ecb,,
Nathan_Incident_FirstSabotage_Delay21,line:b5a415,"Depending on the player's actions, the dialogue can follow this path or the one that begins in the next row.",
Nathan_Incident_FirstSabotage_Delay21,line:88ef2d,"Depending on the player's actions, the dialogue can follow this path or the one that begins in the previous row.",
Nathan_Incident_FirstSabotage_Delay21,line:74aedc,The two possible paths converge here.,
Nathan_Incident_FirstSabotage_Delay21,line:f67227,,
Nathan_Incident_FirstSabotage_Delay21,line:0075c6,NOT TO BE RECORDED. Option A,
Nathan_Incident_FirstSabotage_Delay21,line:1dbcd3,NOT TO BE RECORDED. Option B,
Nathan_Incident_FirstSabotage_Delay21,line:3a2926,NOT TO BE RECORDED. Option C,
Nathan_Incident_FirstSabotage_Delay21,line:3d7e3b,Dialogue continues from Option A.,
Nathan_Incident_FirstSabotage_Delay21,line:bab32f,Option A. The word 'Tekkies' should be pronounced as /'t?k?s/.,
Nathan_Incident_FirstSabotage_Delay21,line:c38419,Dialogue continues from Option B. ISA stands for International Space Center.,
Nathan_Incident_FirstSabotage_Delay21,line:4e6a90,Dialogue continues from Option C.,
Nathan_Incident_FirstSabotage_Delay21,line:9024f9,Option C.,
Nathan_Incident_FirstSabotage_Delay21,line:d1b77f,"Options A, B and C converge here.",
Nathan_Incident_FirstSabotage_Delay21,line:b436ea,,
Nathan_Incident_FirstSabotage_Delay21,line:429731,Final dialogue line. MCC is the abbreviation for Mission Control Center and should be read as 'EM-CE-CE'.,
Nathan_IncomingCall_Veyron01_Delay7,line:e87294,"Initial dialogue line. SETTING: Nathan's call is breaking up. Nathan questions AMI about the anonymous threatening message received a few days ago. Nathan shares with the AI his theories regarding this message. ISA's authorities put the blame of all this matter on the Tekkies, their enemies.",
Nathan_IncomingCall_Veyron01_Delay7,line:964364,,
Nathan_IncomingCall_Veyron01_Delay7,line:b72082,,
Nathan_IncomingCall_Veyron01_Delay7,line:dd81f1,,
Nathan_IncomingCall_Veyron01_Delay7,line:e896dc,,
Nathan_IncomingCall_Veyron01_Delay7,line:1af0d4,"Depending on the player's actions, the dialogue can follow this path or the one that begins three rows down.",
Nathan_IncomingCall_Veyron01_Delay7,line:a41060,,
Nathan_IncomingCall_Veyron01_Delay7,line:8d9a80,,
Nathan_IncomingCall_Veyron01_Delay7,line:04f118,"Depending on the player's actions, the dialogue can follow this path or the one that begins three rows up.",
Nathan_IncomingCall_Veyron01_Delay7,line:f38ca2,The two possible paths converge here.,
Nathan_IncomingCall_Veyron01_Delay7,line:116257,NOT TO BE RECORDED. Option A. The word 'Tekkies' should be pronounced as /'t?k?s/.,
Nathan_IncomingCall_Veyron01_Delay7,line:35e3f4,NOT TO BE RECORDED. Option B,
Nathan_IncomingCall_Veyron01_Delay7,line:4690c1,Dialogue continues from Option A. The word 'Tekkies' should be pronounced as /'t?k?s/.,
Nathan_IncomingCall_Veyron01_Delay7,line:d78602,Option A.,
Nathan_IncomingCall_Veyron01_Delay7,line:0ad7c9,Dialogue continues from Option B.,
Nathan_IncomingCall_Veyron01_Delay7,line:f52f79,Option B.,
Nathan_IncomingCall_Veyron01_Delay7,line:91495e,Options A and B converge here.,
Nathan_IncomingCall_Veyron01_Delay7,line:b3b4aa,,
Nathan_IncomingCall_Veyron01_Delay7,line:f14858,,
Nathan_IncomingCall_Veyron01_Delay7,line:9e2e77,Final dialogue line. MCC is the abbreviation for Mission Control Center and should be read as 'EM-CE-CE'.,
Nathan_QuestCompleted_Terraforming1,line:dcf8ca,"Initial dialogue line. SETTING: Nathan congratulates de AI after completing the first stage of the terraforming plan that consisted on melting the Martian ice caps. Besides, he explains to the AI what are the steps of the next stage.",
Nathan_QuestCompleted_Terraforming1,line:50b7b9,,
Nathan_QuestCompleted_Terraforming1,line:9a756d,,
Nathan_QuestCompleted_Terraforming1,line:1cb3e9,This CO<sub>2</sub> should be read as CE-OH-TWO.,
Nathan_QuestCompleted_Terraforming1,line:b6b408,,
Nathan_QuestCompleted_Terraforming1,line:6d1da3,NOT TO BE RECORDED. Option A,
Nathan_QuestCompleted_Terraforming1,line:63efba,NOT TO BE RECORDED. Option B,
Nathan_QuestCompleted_Terraforming1,line:44ff62,Dialogue continues from Option A.,
Nathan_QuestCompleted_Terraforming1,line:85c9c4,Option A.,
Nathan_QuestCompleted_Terraforming1,line:b24780,Option A.,
Nathan_QuestCompleted_Terraforming1,line:86187a,Option A.,
Nathan_QuestCompleted_Terraforming1,line:d67724,Dialogue continues from Option B.,
Nathan_QuestCompleted_Terraforming1,line:1d61a5,Option B.,
Nathan_QuestCompleted_Terraforming1,line:32d85c,Option B. This CO<sub>2</sub> should be read as CE-OH-TWO.,
Nathan_QuestCompleted_Terraforming1,line:db2784,Option B.,
Nathan_QuestCompleted_Terraforming1,line:179646,Option B.,
Nathan_QuestCompleted_Terraforming1,line:38209d,Option B. The word contained by <i> </i> must be emphasized.,
Nathan_QuestCompleted_Terraforming1,line:e98703,Options A and B converge here.,
Nathan_QuestCompleted_Terraforming1,line:82630b,,
Nathan_QuestCompleted_Terraforming1,line:4975e6,Final dialogue line. MCC is the abbreviation for Mission Control Center and should be read as 'EM-CE-CE'.,
Ecologists_Hack_Incident_IncomingCall_Veyron01,line:e3f983,"Initial dialogue line. SETTING: A recorded audio the main character receives from an unknown source. The voice talks like a preacher. Since AMI is an AI, they don't have a gender and they use the singular 'they', 'their' and 'them'.",
Ecologists_Hack_Incident_IncomingCall_Veyron01,line:f94016,A recorded audio the main character receives from an unknown source. The voice talks like a preacher.,
Ecologists_Hack_Incident_IncomingCall_Veyron01,line:e3d538,A recorded audio the main character receives from an unknown source. The voice talks like a preacher.,
Ecologists_Hack_Incident_IncomingCall_Veyron01,line:c2b210,Final dialogue line. A recorded audio the main character receives from an unknown source. The voice talks like a preacher.,
